code,title,full_title,judge,judge_url,main_topic,primary_slug,topic_tags,secondary_topics,patterns,tracks,difficulty,status,note_path,ladder_path,tutorial_path,solution_url
MINIMUMEUCLIDEANDISTANCE,Minimum Euclidean Distance,Minimum Euclidean Distance,CSES,https://cses.fi/problemset/task/2194/,Advanced -> Algorithm Engineering,advanced/algorithm-engineering,advanced/algorithm-engineering | geometry/sweep-line,Closest pair | Sweep line | Ordered active set,closest pair sweep line | active strip by x distance | ordered set by y,CSES | Geometry,hard,solved,practice/ladders/advanced/algorithm-engineering/minimumeuclideandistance.md,practice/ladders/advanced/algorithm-engineering/README.md,topics/advanced/algorithm-engineering/README.md,https://github.com/mtuann/competitive-programming-cpp/blob/main/solutions/advanced/algorithm-engineering/minimumeuclideandistance.cpp
BUILDTHEPERMUTATION,Build the Permutation,Build the Permutation,Codeforces,https://codeforces.com/problemset/problem/1608/B,Advanced -> Constructive,advanced/constructive,advanced/constructive,Alternating pattern | Local extrema counting | Case split construction,alternating core construction | local extrema counting | monotone leftover tail,Codeforces | Constructive,medium,solved,practice/ladders/advanced/constructive/buildthepermutation.md,practice/ladders/advanced/constructive/README.md,topics/advanced/constructive/README.md,https://github.com/mtuann/competitive-programming-cpp/blob/main/solutions/advanced/constructive/buildthepermutation.cpp
VMCOINS,Trò chơi với những đồng xu,VMCOINS - Trò chơi với những đồng xu,VN SPOJ / VNOI,https://vn.spoj.com/problems/VMCOINS/,Advanced -> Constructive,advanced/constructive,advanced/constructive | geometry/vector-orientation,Promise-driven search | Translation matching | State BFS,promise-driven constructive | translation matching | small residual search,VN SPOJ | OI-style,hard,solved,practice/ladders/advanced/constructive/vmcoins.md,practice/ladders/advanced/constructive/README.md,topics/advanced/constructive/README.md,https://github.com/mtuann/competitive-programming-cpp/blob/main/solutions/advanced/constructive/vmcoins.cpp
VOSFENCE,Xay hang rao,Xay hang rao,VN SPOJ / VNOI,https://vn.spoj.com/problems/VOSFENCE/,Combinatorics -> Bounded Compositions,combinatorics/bounded-compositions,combinatorics/bounded-compositions | combinatorics/counting-basics | combinatorics/inclusion-exclusion,Run counting | DP counting | Stars and bars with upper bounds,bounded compositions | run decomposition | gap distribution,VN SPOJ | OI-style,hard,solved,practice/ladders/combinatorics/bounded-compositions/vosfence.md,practice/ladders/combinatorics/bounded-compositions/README.md,topics/combinatorics/bounded-compositions/README.md,https://github.com/mtuann/competitive-programming-cpp/blob/main/solutions/combinatorics/bounded-compositions/vosfence.cpp
DISTRIBUTINGAPPLES,Distributing Apples,Distributing Apples,CSES,https://cses.fi/problemset/task/1716,Combinatorics -> Counting Basics,combinatorics/counting-basics,combinatorics/counting-basics | math/modular-arithmetic,Stars and bars | Binomial coefficients | Modular arithmetic,stars and bars | single binomial query | factorial precompute,CSES | Mathematics,medium,solved,practice/ladders/combinatorics/counting-basics/distributingapples.md,practice/ladders/combinatorics/counting-basics/README.md,topics/combinatorics/counting-basics/README.md,https://github.com/mtuann/competitive-programming-cpp/blob/main/solutions/combinatorics/counting-basics/distributingapples.cpp
PRIMEMULTIPLES,Prime Multiples,Prime Multiples,CSES,https://cses.fi/problemset/task/2185,Combinatorics -> Inclusion-Exclusion,combinatorics/inclusion-exclusion,combinatorics/inclusion-exclusion | math/number-theory-basics,Subset enumeration | LCM reasoning | Overflow guards,subset inclusion exclusion | overflow safe lcm product | count divisible numbers,CSES | Mathematics,medium,solved,practice/ladders/combinatorics/inclusion-exclusion/primemultiples.md,practice/ladders/combinatorics/inclusion-exclusion/README.md,topics/combinatorics/inclusion-exclusion/README.md,https://github.com/mtuann/competitive-programming-cpp/blob/main/solutions/combinatorics/inclusion-exclusion/primemultiples.cpp
VOITSORT,Cây hoán vị,Cây hoán vị,VN SPOJ,https://vn.spoj.com/problems/VOITSORT/,Combinatorics -> Lexicographic Enumeration,combinatorics/lexicographic-enumeration,combinatorics/lexicographic-enumeration | graphs/trees,Cartesian tree | Stack-sortable permutations | Next permutation,lexicographic enumeration | stack-sortability | cartesian tree view,VN SPOJ | OI-style,hard,solved,practice/ladders/combinatorics/lexicographic-enumeration/voitsort.md,practice/ladders/combinatorics/lexicographic-enumeration/README.md,topics/combinatorics/lexicographic-enumeration/README.md,https://github.com/mtuann/competitive-programming-cpp/blob/main/solutions/combinatorics/lexicographic-enumeration/voitsort.cpp
VASILIYSMULTISET,Vasiliy's Multiset,Vasiliy's Multiset,Codeforces,https://codeforces.com/problemset/problem/706/D,Data Structures -> Binary Trie / XOR Queries,data-structures/binary-trie-xor,data-structures/binary-trie-xor,Binary trie | Maximum xor query | Dynamic multiset,,,medium,solved,practice/ladders/data-structures/binary-trie-xor/vasiliysmultiset.md,practice/ladders/data-structures/binary-trie-xor/README.md,topics/data-structures/binary-trie-xor/README.md,https://github.com/mtuann/competitive-programming-cpp/blob/main/solutions/data-structures/binary-trie-xor/vasiliysmultiset.cpp
C11XU,Bộ sưu tập đồng xu,C11XU - Bộ sưu tập đồng xu,VN SPOJ / VNOI,https://vn.spoj.com/problems/C11XU/,Data Structures -> DSU,data-structures/dsu,data-structures/dsu | advanced/optimization-and-duality,Graphic matroid | Forest independence | Augmenting path,xor-independence | forest selection | augmenting exchange,VN SPOJ | OI-style,hard,solved,practice/ladders/data-structures/dsu/c11xu.md,practice/ladders/data-structures/dsu/README.md,topics/data-structures/dsu/README.md,https://github.com/mtuann/competitive-programming-cpp/blob/main/solutions/data-structures/dsu/c11xu.cpp
DYNAMICCONNECTIVITY,Dynamic Connectivity,Dynamic Connectivity,CSES,https://cses.fi/problemset/task/2133,Data Structures -> DSU Rollback / Offline Dynamic Connectivity,data-structures/dsu-rollback,data-structures/dsu-rollback | data-structures/dsu | data-structures/offline-tricks,DSU rollback | Segment tree over time | Offline dynamic connectivity,dsu rollback | segment tree over time | offline dynamic connectivity,CSES | Advanced techniques,hard,solved,practice/ladders/data-structures/dsu-rollback/dynamicconnectivity.md,practice/ladders/data-structures/dsu-rollback/README.md,topics/data-structures/dsu-rollback/README.md,https://github.com/mtuann/competitive-programming-cpp/blob/main/solutions/data-structures/dsu-rollback/dynamicconnectivity.cpp
CVP00001,Ô ăn quan,Ô ăn quan,VN SPOJ,https://vn.spoj.com/problems/CVP00001/,Data Structures -> Fenwick Tree,data-structures/fenwick-tree,data-structures/fenwick-tree | foundations/prefix-sums,Simulation | Circular range updates | Judge edge cases,circular updates | range-add point-query | query-from-initial-state,VN SPOJ | OI-style,hard,solved,practice/ladders/data-structures/fenwick-tree/cvp00001.md,practice/ladders/data-structures/fenwick-tree/README.md,topics/data-structures/fenwick-tree/README.md,https://github.com/mtuann/competitive-programming-cpp/blob/main/solutions/data-structures/fenwick-tree/cvp00001.cpp
CONCERTTICKETS,Concert Tickets,Concert Tickets,CSES,https://cses.fi/problemset/task/1091,Data Structures -> Heaps And Ordered Sets,data-structures/heaps-and-ordered-sets,data-structures/heaps-and-ordered-sets,Multiset predecessor | Erase one occurrence | Greedy matching,multiset predecessor | erase one occurrence | greedy ticket assignment,CSES | Sorting and searching,medium,solved,practice/ladders/data-structures/heaps-and-ordered-sets/concerttickets.md,practice/ladders/data-structures/heaps-and-ordered-sets/README.md,topics/data-structures/heaps-and-ordered-sets/README.md,https://github.com/mtuann/competitive-programming-cpp/blob/main/solutions/data-structures/heaps-and-ordered-sets/concerttickets.cpp
HORRIBLEQUERIES,Horrible Queries,HORRIBLE - Horrible Queries,SPOJ,https://www.spoj.com/problems/HORRIBLE/,Data Structures -> Lazy Segment Tree,data-structures/lazy-segment-tree,data-structures/lazy-segment-tree,Range add | Range sum | Lazy propagation,lazy segment tree | range add range sum | deferred propagation,SPOJ | Range queries,medium,solved,practice/ladders/data-structures/lazy-segment-tree/horriblequeries.md,practice/ladders/data-structures/lazy-segment-tree/README.md,topics/data-structures/lazy-segment-tree/README.md,https://github.com/mtuann/competitive-programming-cpp/blob/main/solutions/data-structures/lazy-segment-tree/horriblequeries.cpp
POWERFULARRAY,Powerful Array,Powerful Array,Codeforces,https://codeforces.com/problemset/problem/86/D,Data Structures -> Mo's Algorithm,data-structures/mos-algorithm,data-structures/mos-algorithm,Mo's Algorithm | Frequency maintenance | Offline range queries,,,hard,solved,practice/ladders/data-structures/mos-algorithm/powerfularray.md,practice/ladders/data-structures/mos-algorithm/README.md,topics/data-structures/mos-algorithm/README.md,https://github.com/mtuann/competitive-programming-cpp/blob/main/solutions/data-structures/mos-algorithm/powerfularray.cpp
DISTINCTVALUESQUERIES,Distinct Values Queries,Distinct Values Queries,CSES,https://cses.fi/problemset/task/1734,Data Structures -> Offline Tricks,data-structures/offline-tricks,data-structures/offline-tricks | data-structures/fenwick-tree,Offline sweep by right endpoint | Fenwick tree | Last occurrence,offline right-endpoint sweep | last occurrence activation | fenwick range count,CSES | Range queries,hard,solved,practice/ladders/data-structures/offline-tricks/distinctvaluesqueries.md,practice/ladders/data-structures/offline-tricks/README.md,topics/data-structures/offline-tricks/README.md,https://github.com/mtuann/competitive-programming-cpp/blob/main/solutions/data-structures/offline-tricks/distinctvaluesqueries.cpp
RANGEQUERIESANDCOPIES,Range Queries and Copies,Range Queries and Copies,CSES,https://cses.fi/problemset/task/1737,Data Structures -> Persistent Data Structures,data-structures/persistent-data-structures,data-structures/persistent-data-structures | data-structures/segment-tree,Persistent segment tree | Path copying | Versioned queries,persistent segment tree | path copying | versioned range sum,CSES | Range queries,hard,solved,practice/ladders/data-structures/persistent-data-structures/rangequeriesandcopies.md,practice/ladders/data-structures/persistent-data-structures/README.md,topics/data-structures/persistent-data-structures/README.md,https://github.com/mtuann/competitive-programming-cpp/blob/main/solutions/data-structures/persistent-data-structures/rangequeriesandcopies.cpp
DYNAMICRANGESUMQUERIES,Dynamic Range Sum Queries,Dynamic Range Sum Queries,CSES,https://cses.fi/problemset/task/1648,Data Structures -> Segment Tree,data-structures/segment-tree,data-structures/segment-tree,Point update | Range sum | Iterative segment tree,iterative segment tree | point assignment | range sum query,CSES | Range queries,medium,solved,practice/ladders/data-structures/segment-tree/dynamicrangesumqueries.md,practice/ladders/data-structures/segment-tree/README.md,topics/data-structures/segment-tree/README.md,https://github.com/mtuann/competitive-programming-cpp/blob/main/solutions/data-structures/segment-tree/dynamicrangesumqueries.cpp
RANGECHMINCHMAXADDRANGESUM,Range Chmin Chmax Add Range Sum,Range Chmin Chmax Add Range Sum,Library Checker,https://judge.yosupo.jp/problem/range_chmin_chmax_add_range_sum,Data Structures -> Segment Tree Beats,data-structures/segment-tree-beats,data-structures/segment-tree-beats,Segment Tree Beats | Range chmin | Range chmax,segment tree beats | range chmin | range chmax | second extremum summaries,Library Checker | Verification,hard,solved,practice/ladders/data-structures/segment-tree-beats/rangechminchmaxaddrangesum.md,practice/ladders/data-structures/segment-tree-beats/README.md,topics/data-structures/segment-tree-beats/README.md,https://github.com/mtuann/competitive-programming-cpp/blob/main/solutions/data-structures/segment-tree-beats/rangechminchmaxaddrangesum.cpp
STATICRANGEMINIMUMQUERIES,Static Range Minimum Queries,Static Range Minimum Queries,CSES,https://cses.fi/problemset/task/1647,Data Structures -> Sparse Table,data-structures/sparse-table,data-structures/sparse-table,Idempotent queries | Overlapping blocks | Log-table preprocessing,sparse table rmq | idempotent overlap query | log table preprocessing,CSES | Range queries,easy,solved,practice/ladders/data-structures/sparse-table/staticrangeminimumqueries.md,practice/ladders/data-structures/sparse-table/README.md,topics/data-structures/sparse-table/README.md,https://github.com/mtuann/competitive-programming-cpp/blob/main/solutions/data-structures/sparse-table/staticrangeminimumqueries.cpp
CUTANDPASTE,Cut and Paste,Cut and Paste,CSES,https://cses.fi/problemset/task/2072,Data Structures -> Treap / Implicit Treap,data-structures/treap-implicit,data-structures/treap-implicit,Implicit treap | Split/merge sequence surgery | Subtree size as position,,,hard,solved,practice/ladders/data-structures/treap-implicit/cutandpaste.md,practice/ladders/data-structures/treap-implicit/README.md,topics/data-structures/treap-implicit/README.md,https://github.com/mtuann/competitive-programming-cpp/blob/main/solutions/data-structures/treap-implicit/cutandpaste.cpp
MKTHNUM,K-th Number,MKTHNUM - K-th Number,SPOJ,https://www.spoj.com/problems/MKTHNUM/,Data Structures -> Wavelet Tree,data-structures/wavelet-tree,data-structures/wavelet-tree,Wavelet tree | Static order statistics | Coordinate compression,,,hard,solved,practice/ladders/data-structures/wavelet-tree/mkthnum.md,practice/ladders/data-structures/wavelet-tree/README.md,topics/data-structures/wavelet-tree/README.md,https://github.com/mtuann/competitive-programming-cpp/blob/main/solutions/data-structures/wavelet-tree/mkthnum.cpp
VMMARBLE,Phân loại bi,VMMARBLE - Phân loại bi,VN SPOJ,https://vn.spoj.com/problems/VMMARBLE/,DP -> Bitmask DP,dp/bitmask-dp,dp/bitmask-dp | advanced/constructive,Assignment | Lower bound equals construction | Keeper-box selection,final-color assignment | residual-state dp | capacity-2 moves,VN SPOJ | OI-style,medium,solved,practice/ladders/dp/bitmask-dp/vmmarble.md,practice/ladders/dp/bitmask-dp/README.md,topics/dp/bitmask-dp/README.md,https://github.com/mtuann/competitive-programming-cpp/blob/main/solutions/dp/bitmask-dp/vmmarble.cpp
MONSTERGAME2,Monster Game II,Monster Game II,CSES,https://cses.fi/problemset/task/2085,DP -> Convex Hull Trick / Li Chao Tree,dp/cht-li-chao,dp/cht-li-chao,Li Chao tree | Affine DP | Line container,li chao tree | affine dp | online line minimum,CSES | Dynamic programming,hard,solved,practice/ladders/dp/cht-li-chao/monstergame2.md,practice/ladders/dp/cht-li-chao/README.md,topics/dp/cht-li-chao/README.md,https://github.com/mtuann/competitive-programming-cpp/blob/main/solutions/dp/cht-li-chao/monstergame2.cpp
COUNTINGNUMBERS,Counting Numbers,Counting Numbers,CSES,https://cses.fi/problemset/task/2220,DP -> Digit DP,dp/digit-dp,dp/digit-dp,Previous digit state | Leading zeros | Range counting,digit dp | previous digit state | range counting,CSES | Dynamic programming,medium,solved,practice/ladders/dp/digit-dp/countingnumbers.md,practice/ladders/dp/digit-dp/README.md,topics/dp/digit-dp/README.md,https://github.com/mtuann/competitive-programming-cpp/blob/main/solutions/dp/digit-dp/countingnumbers.cpp
VMSCALE,Chiếc cân kỳ diệu,VMSCALE - Chiếc cân kỳ diệu,VN SPOJ / VNOI,https://vn.spoj.com/problems/VMSCALE/,DP -> Foundations,dp/foundations,dp/foundations | math/number-theory-basics,Decision tree | Balanced ternary | Minimax DP,budget dp | balanced ternary | decision-tree optimization,VN SPOJ | OI-style,hard,solved,practice/ladders/dp/foundations/vmscale.md,practice/ladders/dp/foundations/README.md,topics/dp/foundations/README.md,https://github.com/mtuann/competitive-programming-cpp/blob/main/solutions/dp/foundations/vmscale.cpp
REMOVALGAME,Removal Game,Removal Game,CSES,https://cses.fi/problemset/task/1097,DP -> Interval DP,dp/interval-dp,dp/interval-dp,Score-difference DP | Take from ends game | Minimax,score difference dp | take from ends | interval minimax,CSES | Dynamic programming,medium,solved,practice/ladders/dp/interval-dp/removalgame.md,practice/ladders/dp/interval-dp/README.md,topics/dp/interval-dp/README.md,https://github.com/mtuann/competitive-programming-cpp/blob/main/solutions/dp/interval-dp/removalgame.cpp
BOOKSHOP,Book Shop,Book Shop,CSES,https://cses.fi/problemset/task/1158,DP -> Knapsack Family,dp/knapsack-family,dp/knapsack-family | advanced/complexity-and-hardness,0/1 knapsack | Downward capacity loop | Budget maximization,0 1 knapsack | downward capacity loop | budget value maximization,CSES | Dynamic programming,easy,solved,practice/ladders/dp/knapsack-family/bookshop.md,practice/ladders/dp/knapsack-family/README.md,topics/dp/knapsack-family/README.md,https://github.com/mtuann/competitive-programming-cpp/blob/main/solutions/dp/knapsack-family/bookshop.cpp
SLIDINGWINDOWMINIMUM,Sliding Window Minimum,Sliding Window Minimum,CSES,https://cses.fi/problemset/task/3221,DP -> Sliding Window And Window DP,dp/sliding-window,dp/sliding-window,Monotonic deque | Generated input | Window aggregate,,,medium,solved,practice/ladders/dp/sliding-window/slidingwindowminimum.md,practice/ladders/dp/sliding-window/README.md,topics/foundations/patterns/two-pointers/README.md,https://github.com/mtuann/competitive-programming-cpp/blob/main/solutions/dp/sliding-window/slidingwindowminimum.cpp
TFIELD,Ruộng bậc thang,Ruộng bậc thang,VN SPOJ,https://vn.spoj.com/problems/TFIELD/,DP -> Sliding Window And Window DP,dp/sliding-window,dp/sliding-window | foundations/two-pointers | geometry/polygon-area-point-location,Polygon area | Sorting nested polygons | Two pointers,nested polygons | weighted sliding window | shoelace preprocessing,VN SPOJ | OI-style,hard,solved,practice/ladders/dp/sliding-window/tfield.md,practice/ladders/dp/sliding-window/README.md,topics/foundations/patterns/two-pointers/README.md,https://github.com/mtuann/competitive-programming-cpp/blob/main/solutions/dp/sliding-window/tfield.cpp
TREEDISTANCES2,Tree Distances II,Tree Distances II,CSES,https://cses.fi/problemset/task/1133,DP -> Tree DP,dp/tree-dp,dp/tree-dp,Rerooting | Subtree sizes | All-roots answers,,,medium,solved,practice/ladders/dp/tree-dp/treedistances2.md,practice/ladders/dp/tree-dp/README.md,topics/dp/tree-dp/README.md,https://github.com/mtuann/competitive-programming-cpp/blob/main/solutions/dp/tree-dp/treedistances2.cpp
TREEMATCHING,Tree Matching,Tree Matching,CSES,https://cses.fi/problemset/task/1130,DP -> Tree DP,dp/tree-dp,dp/tree-dp | graphs/trees,Maximum matching on a tree | Rooted subtree states | Child contribution swap,tree matching dp | matched or unmatched state | child swap contribution,CSES | Tree algorithms,medium,solved,practice/ladders/dp/tree-dp/treematching.md,practice/ladders/dp/tree-dp/README.md,topics/dp/tree-dp/README.md,https://github.com/mtuann/competitive-programming-cpp/blob/main/solutions/dp/tree-dp/treematching.cpp
FACTORYMACHINES,Factory Machines,Factory Machines,CSES,https://cses.fi/problemset/task/1620,Foundations -> Binary Search,foundations/binary-search,foundations/binary-search | foundations/complexity-and-invariants,Answer binary search | Monotone feasibility | Saturating accumulation,answer binary search | monotone feasibility | production rate accumulation,CSES | Sorting and searching,medium,solved,practice/ladders/foundations/binary-search/factorymachines.md,practice/ladders/foundations/binary-search/README.md,topics/foundations/patterns/binary-search/README.md,https://github.com/mtuann/competitive-programming-cpp/blob/main/solutions/foundations/binary-search/factorymachines.cpp
INCREASINGARRAY,Increasing Array,Increasing Array,CSES,https://cses.fi/problemset/task/1094,Foundations -> Complexity And Invariants,foundations/complexity-and-invariants,foundations/complexity-and-invariants,Loop invariant | Greedy repair | Running maximum,loop invariant scan | greedy repair | running maximum maintenance,CSES | Introductory problems,easy,solved,practice/ladders/foundations/complexity-and-invariants/increasingarray.md,practice/ladders/foundations/complexity-and-invariants/README.md,topics/foundations/reasoning/README.md,https://github.com/mtuann/competitive-programming-cpp/blob/main/solutions/foundations/complexity-and-invariants/increasingarray.cpp
MISSINGNUMBER,Missing Number,Missing Number,CSES,https://cses.fi/problemset/task/1083,Foundations -> C++ Language,foundations/cpp-language,foundations/cpp-language,Running total | long long discipline | Input fluency,running total subtraction | arithmetic series sum | type safe warm-up,CSES | Introductory problems,easy,solved,practice/ladders/foundations/cpp-language/missingnumber.md,practice/ladders/foundations/cpp-language/README.md,topics/foundations/cpp-language/README.md,https://github.com/mtuann/competitive-programming-cpp/blob/main/solutions/foundations/cpp-language/missingnumber.cpp
WEIRDALGORITHM,Weird Algorithm,Weird Algorithm,CSES,https://cses.fi/problemset/task/1068,Foundations -> C++ Language,foundations/cpp-language,foundations/cpp-language,Basic loops | Parity branching | Output discipline,simulation loop | parity branching | first local workflow,CSES | Introductory problems,easy,solved,practice/ladders/foundations/cpp-language/weirdalgorithm.md,practice/ladders/foundations/cpp-language/README.md,topics/foundations/cpp-language/README.md,https://github.com/mtuann/competitive-programming-cpp/blob/main/solutions/foundations/cpp-language/weirdalgorithm.cpp
RANGEUPDATEQUERIES,Range Update Queries,Range Update Queries,CSES,https://cses.fi/problemset/task/1651,Foundations -> Difference Arrays,foundations/difference-arrays,foundations/difference-arrays | data-structures/fenwick-tree,Dynamic difference array | Fenwick tree | Range-add point-query,difference array updates | fenwick on diff | range add point query,CSES | Range queries,medium,solved,practice/ladders/foundations/difference-arrays/rangeupdatequeries.md,practice/ladders/foundations/difference-arrays/README.md,topics/foundations/patterns/difference-arrays/README.md,https://github.com/mtuann/competitive-programming-cpp/blob/main/solutions/foundations/difference-arrays/rangeupdatequeries.cpp
STATICRANGESUMQUERIES,Static Range Sum Queries,Static Range Sum Queries,CSES,https://cses.fi/problemset/task/1646,Foundations -> Prefix Sums,foundations/prefix-sums,foundations/prefix-sums,1D prefix sum | Range subtraction | Immutable array,prefix sum build | range sum by subtraction | immutable array queries,CSES | Range queries,easy,solved,practice/ladders/foundations/prefix-sums/staticrangesumqueries.md,practice/ladders/foundations/prefix-sums/README.md,topics/foundations/patterns/prefix-sums/README.md,https://github.com/mtuann/competitive-programming-cpp/blob/main/solutions/foundations/prefix-sums/staticrangesumqueries.cpp
FERRISWHEEL,Ferris Wheel,Ferris Wheel,CSES,https://cses.fi/problemset/task/1090,Foundations -> Sorting,foundations/sorting,foundations/sorting | foundations/two-pointers,Opposite-end two pointers | Greedy pairing | Lightest-heaviest matching,opposite end pointers | greedy pairing | sorted capacity matching,CSES | Sorting and searching,easy-medium,solved,practice/ladders/foundations/sorting/ferriswheel.md,practice/ladders/foundations/sorting/README.md,topics/foundations/patterns/sorting/README.md,https://github.com/mtuann/competitive-programming-cpp/blob/main/solutions/foundations/sorting/ferriswheel.cpp
MOVIEFESTIVAL,Movie Festival,Movie Festival,CSES,https://cses.fi/problemset/task/1629,Foundations -> Sorting,foundations/sorting,foundations/sorting | foundations/complexity-and-invariants,Interval scheduling | Finish-time ordering | Exchange argument,finish-time sorting | interval scheduling | exchange argument greedy,CSES | Sorting and searching,easy,solved,practice/ladders/foundations/sorting/moviefestival.md,practice/ladders/foundations/sorting/README.md,topics/foundations/patterns/sorting/README.md,https://github.com/mtuann/competitive-programming-cpp/blob/main/solutions/foundations/sorting/moviefestival.cpp
DISTINCTNUMBERS,Distinct Numbers,Distinct Numbers,CSES,https://cses.fi/problemset/task/1621,Foundations -> STL Basics,foundations/stl,foundations/stl | foundations/cpp-language,sort | unique | Container choice,sort unique | container deduplication | stl algorithms,CSES | Sorting and searching,easy,solved,practice/ladders/foundations/stl/distinctnumbers.md,practice/ladders/foundations/stl/README.md,topics/foundations/cpp-language/README.md,https://github.com/mtuann/competitive-programming-cpp/blob/main/solutions/foundations/stl/distinctnumbers.cpp
APARTMENTS,Apartments,Apartments,CSES,https://cses.fi/problemset/task/1084,Foundations -> Two Pointers,foundations/two-pointers,foundations/two-pointers | foundations/sorting,Greedy matching | Sorted scan | Tolerance window,two sorted pointers | tolerance matching | greedy monotone scan,CSES | Sorting and searching,easy-medium,solved,practice/ladders/foundations/two-pointers/apartments.md,practice/ladders/foundations/two-pointers/README.md,topics/foundations/patterns/two-pointers/README.md,https://github.com/mtuann/competitive-programming-cpp/blob/main/solutions/foundations/two-pointers/apartments.cpp
SUMOFTWOVALUES,Sum of Two Values,Sum of Two Values,CSES,https://cses.fi/problemset/task/1640,Foundations -> Two Pointers,foundations/two-pointers,foundations/two-pointers | foundations/sorting,Sort and scan | Original index recovery | Opposite-end pointers,sort and scan | opposite end pointers | index restoration,CSES | Sorting and searching,medium,solved,practice/ladders/foundations/two-pointers/sumoftwovalues.md,practice/ladders/foundations/two-pointers/README.md,topics/foundations/patterns/two-pointers/README.md,https://github.com/mtuann/competitive-programming-cpp/blob/main/solutions/foundations/two-pointers/sumoftwovalues.cpp
CONVEXHULL,Convex Hull,Convex Hull,CSES,https://cses.fi/problemset/task/2195,Geometry -> Convex Hull,geometry/convex-hull,geometry/convex-hull | geometry/vector-orientation,Andrew monotone chain | Orientation test | Boundary collinear points,andrew monotone chain | strict turn pop | boundary collinear points,CSES | Geometry,medium,solved,practice/ladders/geometry/convex-hull/convexhull.md,practice/ladders/geometry/convex-hull/README.md,topics/geometry/convex-hull/README.md,https://github.com/mtuann/competitive-programming-cpp/blob/main/solutions/geometry/convex-hull/convexhull.cpp
POINTINPOLYGON,Point in Polygon,Point in Polygon,CSES,https://cses.fi/problemset/task/2192,Geometry -> Polygon Area And Point Location,geometry/polygon-area-point-location,geometry/polygon-area-point-location | geometry/vector-orientation | geometry/segment-intersection,Ray casting | Boundary handling | On-segment check,ray casting parity | boundary classification | on segment test,CSES | Geometry,medium,solved,practice/ladders/geometry/polygon-area-point-location/pointinpolygon.md,practice/ladders/geometry/polygon-area-point-location/README.md,topics/geometry/polygon-area-point-location/README.md,https://github.com/mtuann/competitive-programming-cpp/blob/main/solutions/geometry/polygon-area-point-location/pointinpolygon.cpp
POLYGONAREA,Polygon Area,Polygon Area,CSES,https://cses.fi/problemset/task/2191,Geometry -> Polygon Area And Point Location,geometry/polygon-area-point-location,geometry/polygon-area-point-location | geometry/vector-orientation,Shoelace formula | Signed area | Cross product sum,shoelace formula | signed area accumulation | integer polygon area,CSES | Geometry,easy,solved,practice/ladders/geometry/polygon-area-point-location/polygonarea.md,practice/ladders/geometry/polygon-area-point-location/README.md,topics/geometry/polygon-area-point-location/README.md,https://github.com/mtuann/competitive-programming-cpp/blob/main/solutions/geometry/polygon-area-point-location/polygonarea.cpp
PRAVO,Tam giác vuông,Tam giác vuông,VN SPOJ,https://vn.spoj.com/problems/PRAVO/,Geometry -> Right Triangles,geometry/right-triangles,geometry/right-triangles | advanced/algorithm-engineering | geometry/counting-geometry | geometry/vector-orientation,Normalized direction vectors | Sorting | Perpendicular directions,count right triangles | normalized directions | perpendicular pairing,VN SPOJ | OI-style,medium,solved,practice/ladders/geometry/right-triangles/pravo.md,practice/ladders/geometry/right-triangles/README.md,topics/geometry/counting-geometry/README.md,https://github.com/mtuann/competitive-programming-cpp/blob/main/solutions/geometry/right-triangles/pravo.cpp
LINESEGMENTINTERSECTION,Line Segment Intersection,Line Segment Intersection,CSES,https://cses.fi/problemset/task/2190,Geometry -> Segment Intersection,geometry/segment-intersection,geometry/segment-intersection | geometry/vector-orientation,Orientation test | On-segment check | Collinear overlap,orientation test | on segment inclusion | collinear overlap handling,CSES | Geometry,easy,solved,practice/ladders/geometry/segment-intersection/linesegmentintersection.md,practice/ladders/geometry/segment-intersection/README.md,topics/geometry/segment-intersection/README.md,https://github.com/mtuann/competitive-programming-cpp/blob/main/solutions/geometry/segment-intersection/linesegmentintersection.cpp
KINGDOMS,KINGDOMS,VM 10 Bài 14 - KINGDOMS,VN SPOJ / VNOI,https://vn.spoj.com/ranks/KINGDOMS/,Geometry -> Sweep Line,geometry/sweep-line,geometry/sweep-line | graphs/trees | geometry/polygon-area-point-location,Nested convex polygons | Laminar intervals | Point location,laminar regions | sweep events | containment tree,VN SPOJ | OI-style,hard,solved,practice/ladders/geometry/sweep-line/kingdoms.md,practice/ladders/geometry/sweep-line/README.md,topics/geometry/sweep-line/README.md,https://github.com/mtuann/competitive-programming-cpp/blob/main/solutions/geometry/sweep-line/kingdoms.cpp
VOTELPH,Bà Nà,VOTELPH - Bà Nà,VN SPOJ / VNOI,https://vn.spoj.com/problems/VOTELPH/,Geometry -> Sweep Line,geometry/sweep-line,geometry/sweep-line | geometry/polygon-area-point-location,Concave quadratics | Offline preprocessing | Range maximum query,piecewise maximum | endpoint preprocessing | parabola envelopes,VN SPOJ | ICPC-style,hard,solved,practice/ladders/geometry/sweep-line/votelph.md,practice/ladders/geometry/sweep-line/README.md,topics/geometry/sweep-line/README.md,https://github.com/mtuann/competitive-programming-cpp/blob/main/solutions/geometry/sweep-line/votelph.cpp
POINTLOCATIONTEST,Point Location Test,Point Location Test,CSES,https://cses.fi/problemset/task/2189,Geometry -> Vector And Orientation,geometry/vector-orientation,geometry/vector-orientation,Cross product sign | Directed line side test | Integer geometry,cross product orientation | signed area test | turn classification,CSES | Geometry,easy,solved,practice/ladders/geometry/vector-orientation/pointlocationtest.md,practice/ladders/geometry/vector-orientation/README.md,topics/geometry/vector-orientation/README.md,https://github.com/mtuann/competitive-programming-cpp/blob/main/solutions/geometry/vector-orientation/pointlocationtest.cpp
MESSAGEROUTE,Message Route,Message Route,CSES,https://cses.fi/problemset/task/1667,Graphs -> BFS And DFS,graphs/bfs-dfs,graphs/bfs-dfs | graphs/graph-modeling,Unweighted shortest path | Parent reconstruction | Layered BFS,breadth-first search | unweighted shortest path | parent reconstruction,CSES | Graph algorithms,easy,solved,practice/ladders/graphs/bfs-dfs/messageroute.md,practice/ladders/graphs/bfs-dfs/README.md,topics/graphs/bfs-dfs/README.md,https://github.com/mtuann/competitive-programming-cpp/blob/main/solutions/graphs/bfs-dfs/messageroute.cpp
NECESSARYROADS,Necessary Roads,Necessary Roads,CSES,https://cses.fi/problemset/task/2076,"Graphs -> Bridges, Articulation, And BCC",graphs/bridges-articulation,graphs/bridges-articulation,Bridge detection | DFS tree | Low-link,low-link | bridge detection | dfs tree critical edge,CSES | Advanced techniques,medium,solved,practice/ladders/graphs/bridges-articulation/necessaryroads.md,practice/ladders/graphs/bridges-articulation/README.md,topics/graphs/bridges-articulation/README.md,https://github.com/mtuann/competitive-programming-cpp/blob/main/solutions/graphs/bridges-articulation/necessaryroads.cpp
CIELTHECOMMANDER,Ciel the Commander,Ciel the Commander,Codeforces,https://codeforces.com/problemset/problem/321/C,Graphs -> Centroid Decomposition,graphs/centroid-decomposition,graphs/centroid-decomposition | graphs/trees,Centroid decomposition | Centroid tree | Balanced recursive labeling,centroid decomposition | centroid tree labeling | balanced recursive split,Codeforces | Tree decomposition,hard,solved,practice/ladders/graphs/centroid-decomposition/cielthecommander.md,practice/ladders/graphs/centroid-decomposition/README.md,topics/graphs/centroid-decomposition/README.md,https://github.com/mtuann/competitive-programming-cpp/blob/main/solutions/graphs/centroid-decomposition/cielthecommander.cpp
SUBTREEQUERIES,Subtree Queries,Subtree Queries,CSES,https://cses.fi/problemset/task/1137,Graphs -> Euler Tour / Subtree Queries,graphs/euler-tour-subtree,graphs/euler-tour-subtree | graphs/trees | data-structures/fenwick-tree,Euler tour flattening | Subtree interval | Fenwick tree,euler tour flattening | subtree interval | fenwick point set range sum,CSES | Tree algorithms,medium,solved,practice/ladders/graphs/euler-tour-subtree/subtreequeries.md,practice/ladders/graphs/euler-tour-subtree/README.md,topics/graphs/euler-tour-subtree/README.md,https://github.com/mtuann/competitive-programming-cpp/blob/main/solutions/graphs/euler-tour-subtree/subtreequeries.cpp
MAILDELIVERY,Mail Delivery,Mail Delivery,CSES,https://cses.fi/problemset/task/1691,Graphs -> Eulerian Path / Cycle,graphs/eulerian-path-cycle,graphs/eulerian-path-cycle,Eulerian cycle | Hierholzer | Degree parity,,,medium,solved,practice/ladders/graphs/eulerian-path-cycle/maildelivery.md,practice/ladders/graphs/eulerian-path-cycle/README.md,topics/graphs/eulerian-path-cycle/README.md,https://github.com/mtuann/competitive-programming-cpp/blob/main/solutions/graphs/eulerian-path-cycle/maildelivery.cpp
FFLOW,Fast Maximum Flow,Fast Maximum Flow,VN SPOJ,https://vn.spoj.com/problems/FFLOW/,Graphs -> Maximum Flow,graphs/flow,graphs/flow | advanced/algorithm-engineering,Dinic | Undirected capacity graph,maximum flow | undirected capacities | capacity scaling,VN SPOJ | ICPC-style,medium,solved,practice/ladders/graphs/flow/fflow.md,practice/ladders/graphs/flow/README.md,topics/graphs/flow/README.md,https://github.com/mtuann/competitive-programming-cpp/blob/main/solutions/graphs/flow/fflow.cpp
MCQUERY,MinCut Query,MCQUERY - MinCut Query,VN SPOJ / VNOI,https://vn.spoj.com/problems/MCQUERY/,Graphs -> Maximum Flow,graphs/flow,graphs/flow | data-structures/dsu | graphs/trees | graphs/gomory-hu,Gomory-Hu tree | DSU | All-pairs min-cut,all-pairs min-cut | cut tree | count pairs by threshold,VN SPOJ | ICPC-style,hard,solved,practice/ladders/graphs/flow/mcquery.md,practice/ladders/graphs/flow/README.md,topics/graphs/flow/README.md,https://github.com/mtuann/competitive-programming-cpp/blob/main/solutions/graphs/flow/mcquery.cpp
MINCOST,Luồng với chi phí nhỏ nhất,Luồng với chi phí nhỏ nhất,VN SPOJ / VNOI,https://vn.spoj.com/problems/MINCOST/,Graphs -> Maximum Flow,graphs/flow,graphs/flow | graphs/min-cost-flow,Min-cost max-flow | Shortest augmenting path | Flow reconstruction,transportation network | flow reconstruction | duplicate-edge overwrite,VN SPOJ | ICPC-style,hard,solved,practice/ladders/graphs/flow/mincost.md,practice/ladders/graphs/flow/README.md,topics/graphs/flow/README.md,https://github.com/mtuann/competitive-programming-cpp/blob/main/solutions/graphs/flow/mincost.cpp
POLICECHASE,Police Chase,Police Chase,CSES,https://cses.fi/problemset/task/1695,Graphs -> Maximum Flow,graphs/flow,graphs/flow | advanced/optimization-and-duality,Minimum cut | Cut certificate | Undirected unit-capacity flow,unit capacity max flow | residual reachable cut | minimum edge cut certificate,CSES | Graph algorithms,medium,solved,practice/ladders/graphs/flow/policechase.md,practice/ladders/graphs/flow/README.md,topics/graphs/flow/README.md,https://github.com/mtuann/competitive-programming-cpp/blob/main/solutions/graphs/flow/policechase.cpp
REACTORCOOLING,Reactor Cooling,Reactor Cooling,Codeforces acmsguru,https://codeforces.com/problemsets/acmsguru/problem/99999/194,Graphs -> Maximum Flow,graphs/flow,graphs/flow | graphs/flow-lower-bounds,Feasible circulation | Lower bounds | Flow reconstruction,feasible circulation | lower bounds | flow reconstruction,Codeforces acmsguru | Advanced techniques,hard,solved,practice/ladders/graphs/flow/reactorcooling.md,practice/ladders/graphs/flow/README.md,topics/graphs/flow/README.md,https://github.com/mtuann/competitive-programming-cpp/blob/main/solutions/graphs/flow/reactorcooling.cpp
BUILDINGROADS,Building Roads,Building Roads,CSES,https://cses.fi/problemset/task/1666,Graphs -> Graph Modeling,graphs/graph-modeling,graphs/graph-modeling,Connected components | Component representatives | Constructive output,connected components | component representatives | constructive graph connection,CSES | Graph algorithms,easy,solved,practice/ladders/graphs/graph-modeling/buildingroads.md,practice/ladders/graphs/graph-modeling/README.md,topics/graphs/graph-modeling/README.md,https://github.com/mtuann/competitive-programming-cpp/blob/main/solutions/graphs/graph-modeling/buildingroads.cpp
COUNTINGROOMS,Counting Rooms,Counting Rooms,CSES,https://cses.fi/problemset/task/1192,Graphs -> Graph Modeling,graphs/graph-modeling,graphs/graph-modeling | graphs/bfs-dfs,Grid graph | Flood fill | Connected components,grid graph modeling | iterative flood fill | connected components,CSES | Graph algorithms,easy,solved,practice/ladders/graphs/graph-modeling/countingrooms.md,practice/ladders/graphs/graph-modeling/README.md,topics/graphs/graph-modeling/README.md,https://github.com/mtuann/competitive-programming-cpp/blob/main/solutions/graphs/graph-modeling/countingrooms.cpp
PATHQUERIES2,Path Queries II,PATHQUERIES2 - Path Queries II,CSES,https://cses.fi/problemset/task/2134,Graphs -> Heavy-Light Decomposition,graphs/hld,graphs/hld | graphs/trees | data-structures/segment-tree,Segment tree | Path maximum queries | Point updates,heavy light decomposition | path query decomposition | segment tree on base array,CSES | Tree algorithms,medium,solved,practice/ladders/graphs/hld/pathqueries2.md,practice/ladders/graphs/hld/README.md,topics/graphs/hld/README.md,https://github.com/mtuann/competitive-programming-cpp/blob/main/solutions/graphs/hld/pathqueries2.cpp
COMPANYQUERIES2,Company Queries II,COMPANYQUERIES2 - Company Queries II,CSES,https://cses.fi/problemset/task/1688,Graphs -> LCA,graphs/lca,graphs/lca | graphs/trees,Binary lifting | Depth equalization | Tree path queries,binary lifting | depth equalization | lowest common ancestor,CSES | Tree algorithms,medium,solved,practice/ladders/graphs/lca/companyqueries2.md,practice/ladders/graphs/lca/README.md,topics/graphs/lca/README.md,https://github.com/mtuann/competitive-programming-cpp/blob/main/solutions/graphs/lca/companyqueries2.cpp
QBFLOWER,Tặng hoa,Tặng hoa,VN SPOJ,https://vn.spoj.com/problems/QBFLOWER/,Graphs -> Matching,graphs/matching,graphs/matching,Minimum edge cover | Edmonds blossom,minimum edge cover | general matching | graph transformation,VN SPOJ | OI-style,medium,solved,practice/ladders/graphs/matching/qbflower.md,practice/ladders/graphs/matching/README.md,topics/graphs/matching/README.md,https://github.com/mtuann/competitive-programming-cpp/blob/main/solutions/graphs/matching/qbflower.cpp
SCHOOLDANCE,School Dance,School Dance,CSES,https://cses.fi/problemset/task/1696,Graphs -> Matching,graphs/matching,graphs/matching,Hopcroft-Karp | Bipartite graph modeling | Matching reconstruction,,,medium,solved,practice/ladders/graphs/matching/schooldance.md,practice/ladders/graphs/matching/README.md,topics/graphs/matching/README.md,https://github.com/mtuann/competitive-programming-cpp/blob/main/solutions/graphs/matching/schooldance.cpp
ROADREPARATION,Road Reparation,Road Reparation,CSES,https://cses.fi/problemset/task/1675,Graphs -> Minimum Spanning Tree,graphs/mst,graphs/mst,Kruskal | DSU | Connectivity check,kruskal mst | connectivity check | cut property greedy,CSES | Graph algorithms,medium,solved,practice/ladders/graphs/mst/roadreparation.md,practice/ladders/graphs/mst/README.md,topics/graphs/mst/README.md,https://github.com/mtuann/competitive-programming-cpp/blob/main/solutions/graphs/mst/roadreparation.cpp
COURSESCHEDULE,Course Schedule,Course Schedule,CSES,https://cses.fi/problemset/task/1679,Graphs -> Topological Sort And SCC,graphs/scc-toposort,graphs/scc-toposort,Kahn topological sort | Indegree counting | Directed cycle detection,kahn topological sort | indegree peeling | cycle by failed ordering,CSES | Graph algorithms,medium,solved,practice/ladders/graphs/scc-toposort/courseschedule.md,practice/ladders/graphs/scc-toposort/README.md,topics/graphs/scc-toposort/README.md,https://github.com/mtuann/competitive-programming-cpp/blob/main/solutions/graphs/scc-toposort/courseschedule.cpp
QOS,Chất lượng dịch vụ,Chất lượng dịch vụ,VN SPOJ,https://vn.spoj.com/problems/QOS/,Graphs -> Shortest Paths,graphs/shortest-paths,graphs/shortest-paths | dp/foundations,Reverse Dijkstra | DP with slack | K-th lexicographic path,shortest path plus dp | kth lexicographic path | bounded slack states,VN SPOJ | OI-style,hard,solved,practice/ladders/graphs/shortest-paths/qos.md,practice/ladders/graphs/shortest-paths/README.md,topics/graphs/shortest-paths/README.md,https://github.com/mtuann/competitive-programming-cpp/blob/main/solutions/graphs/shortest-paths/qos.cpp
VOSTRIP,VOSTRIP,VOSTRIP,VN SPOJ / VNOI,https://vn.spoj.com/problems/VOSTRIP/,Graphs -> Tree DP,graphs/tree-dp,graphs/tree-dp | dp/tree-dp | graphs/trees,Path decomposition | Degree pairing | Counting endpoints,tree endpoint pairing | path decomposition | local imbalance formula,VN SPOJ | OI-style,hard,solved,practice/ladders/graphs/tree-dp/vostrip.md,practice/ladders/graphs/tree-dp/README.md,topics/dp/tree-dp/README.md,https://github.com/mtuann/competitive-programming-cpp/blob/main/solutions/graphs/tree-dp/vostrip.cpp
MTREECOL,Color a tree,MTREECOL - Color a tree,VN SPOJ / VNOI,https://vn.spoj.com/problems/MTREECOL/,Graphs -> Trees,graphs/trees,graphs/trees,Greedy scheduling | Precedence constraints | Tree contraction,ratio greedy | tree contraction | exchange argument,VN SPOJ | OI-style,hard,solved,practice/ladders/graphs/trees/mtreecol.md,practice/ladders/graphs/trees/README.md,topics/graphs/trees/README.md,https://github.com/mtuann/competitive-programming-cpp/blob/main/solutions/graphs/trees/mtreecol.cpp
VMWTREE,Lại là cây khung,VMWTREE - Lại là cây khung,VN SPOJ / VNOI,https://vn.spoj.com/problems/VMWTREE/,Graphs -> Trees,graphs/trees,graphs/trees | data-structures/segment-tree | graphs/hld,Heavy-light decomposition | Implicit treap | Path sequence updates,path reverse | path sequence queries | heavy-light decomposition,VN SPOJ | OI-style,hard,solved,practice/ladders/graphs/trees/vmwtree.md,practice/ladders/graphs/trees/README.md,topics/graphs/trees/README.md,https://github.com/mtuann/competitive-programming-cpp/blob/main/solutions/graphs/trees/vmwtree.cpp
GIANTPIZZA,Giant Pizza,Giant Pizza,CSES,https://cses.fi/problemset/task/1684,Graphs -> Two-SAT,graphs/two-sat,graphs/two-sat | graphs/graph-modeling | graphs/scc-toposort,2-SAT | Implication graph | SCC assignment extraction,2-sat | implication graph | assignment extraction,CSES | Graph algorithms,medium,solved,practice/ladders/graphs/two-sat/giantpizza.md,practice/ladders/graphs/two-sat/README.md,topics/graphs/two-sat/README.md,https://github.com/mtuann/competitive-programming-cpp/blob/main/solutions/graphs/two-sat/giantpizza.cpp
LEMONADELINE,Lemonade Line,Lemonade Line,USACO 2018 US Open Silver,https://usaco.org/index.php?cpid=835&page=viewproblem2,Greedy -> Prefix Constraints,greedy/prefix-constraints,greedy/prefix-constraints | foundations/sorting,Sorting | Threshold feasibility | Exchange argument,descending tolerance order | prefix feasibility count | minimize accepted arrivals,USACO | Greedy,easy,solved,practice/ladders/greedy/prefix-constraints/lemonadeline.md,practice/ladders/greedy/prefix-constraints/README.md,topics/greedy/prefix-constraints/README.md,https://github.com/mtuann/competitive-programming-cpp/blob/main/solutions/greedy/prefix-constraints/lemonadeline.cpp
PREFIXSUMADDICTS,Prefix Sum Addicts,Prefix Sum Addicts,Codeforces,https://codeforces.com/problemset/problem/1738/B,Greedy -> Prefix Constraints,greedy/prefix-constraints,greedy/prefix-constraints | foundations/prefix-sums,Prefix sums | Difference reasoning | Feasibility check,suffix prefix differences | sorted sequence feasibility | first block capacity bound,Codeforces | Greedy,medium,solved,practice/ladders/greedy/prefix-constraints/prefixsumaddicts.md,practice/ladders/greedy/prefix-constraints/README.md,topics/greedy/prefix-constraints/README.md,https://github.com/mtuann/competitive-programming-cpp/blob/main/solutions/greedy/prefix-constraints/prefixsumaddicts.cpp
VODIVIDE,Chia phần,Chia phần,VN SPOJ,https://vn.spoj.com/problems/VODIVIDE/,Greedy -> Prefix Constraints,greedy/prefix-constraints,greedy/prefix-constraints,Sorting | Laminar constraints | Pair reconstruction,prefix quota greedy | heap maintenance | pair reconstruction,VN SPOJ | OI-style,hard,solved,practice/ladders/greedy/prefix-constraints/vodivide.md,practice/ladders/greedy/prefix-constraints/README.md,topics/greedy/prefix-constraints/README.md,https://github.com/mtuann/competitive-programming-cpp/blob/main/solutions/greedy/prefix-constraints/vodivide.cpp
GENERALCHINESEREMAINDER,Chinese Remainder Theorem (non-relatively prime moduli),Chinese Remainder Theorem (non-relatively prime moduli),Kattis,https://open.kattis.com/problems/generalchineseremainder,Math -> Chinese Remainder And Linear Congruences,math/chinese-remainder,math/chinese-remainder,Chinese remainder theorem | Extended Euclid | Congruence merge,,,medium,solved,practice/ladders/math/chinese-remainder/generalchineseremainder.md,practice/ladders/math/chinese-remainder/README.md,topics/math/chinese-remainder/README.md,https://github.com/mtuann/competitive-programming-cpp/blob/main/solutions/math/chinese-remainder/generalchineseremainder.cpp
CONVOLUTION,Convolution,Convolution,AtCoder Library Practice Contest,https://atcoder.jp/contests/practice2/tasks/practice2_f,Math -> FFT And NTT,math/fft,math/fft,NTT | Exact modular convolution | 998244353,,,medium,solved,practice/ladders/math/fft/convolution.md,practice/ladders/math/fft/README.md,topics/math/fft-ntt/README.md,https://github.com/mtuann/competitive-programming-cpp/blob/main/solutions/math/fft/convolution.cpp
POST2,A cộng B version 2,A cộng B version 2,VN SPOJ / VNOI,https://vn.spoj.com/problems/POST2/,Math -> FFT And NTT,math/fft,math/fft,Polynomial convolution | Frequency counting,convolution | digit aggregation | big integer addition,VN SPOJ | ICPC-style,medium,solved,practice/ladders/math/fft/post2.md,practice/ladders/math/fft/README.md,topics/math/fft-ntt/README.md,https://github.com/mtuann/competitive-programming-cpp/blob/main/solutions/math/fft/post2.cpp
COMMONDIVISORS,Common Divisors,Common Divisors,CSES,https://cses.fi/problemset/task/1081,Math -> GCD And LCM,math/gcd-lcm,math/gcd-lcm | math/number-theory-basics,Frequency over divisors | Divisibility counting | Greatest common divisor,divisor frequency scan | count multiples | maximize pair gcd,CSES | Mathematics,medium,solved,practice/ladders/math/gcd-lcm/commondivisors.md,practice/ladders/math/gcd-lcm/README.md,topics/math/number-theory-basics/README.md,https://github.com/mtuann/competitive-programming-cpp/blob/main/solutions/math/gcd-lcm/commondivisors.cpp
CRYPTKEY,Chìa khóa mã số,Chìa khóa mã số,VN SPOJ,https://vn.spoj.com/problems/CRYPTKEY/,Math -> GCD And LCM,math/gcd-lcm,math/gcd-lcm | math/number-theory-basics,Prime factorization | Closure under operations | Necessary and sufficient condition,gcd-lcm closure | prime-power characterization | constructibility,VN SPOJ | OI-style,hard,solved,practice/ladders/math/gcd-lcm/cryptkey.md,practice/ladders/math/gcd-lcm/README.md,topics/math/number-theory-basics/README.md,https://github.com/mtuann/competitive-programming-cpp/blob/main/solutions/math/gcd-lcm/cryptkey.cpp
EUCLIDPROBLEM,Euclid Problem,Euclid Problem,UVa,https://onlinejudge.org/index.php?option=onlinejudge&page=show_problem&problem=1045,Math -> GCD And LCM,math/gcd-lcm,math/gcd-lcm,Extended Euclid | Bezout coefficients | Diophantine witness,,,medium,solved,practice/ladders/math/gcd-lcm/euclidproblem.md,practice/ladders/math/gcd-lcm/README.md,topics/math/number-theory-basics/README.md,https://github.com/mtuann/competitive-programming-cpp/blob/main/solutions/math/gcd-lcm/euclidproblem.cpp
GCDONBLACKBOARD,GCD on Blackboard,GCD on Blackboard,AtCoder,https://atcoder.jp/contests/abc125/tasks/abc125_c,Math -> GCD And LCM,math/gcd-lcm,math/gcd-lcm | math/number-theory-basics,Prefix/suffix gcd | Remove one element | Array gcd,prefix suffix gcd | remove one element | maximize array gcd,AtCoder | Number theory,medium,solved,practice/ladders/math/gcd-lcm/gcdonblackboard.md,practice/ladders/math/gcd-lcm/README.md,topics/math/number-theory-basics/README.md,https://github.com/mtuann/competitive-programming-cpp/blob/main/solutions/math/gcd-lcm/gcdonblackboard.cpp
THROWINGDICE,Throwing Dice,Throwing Dice,CSES,https://cses.fi/problemset/task/1096,Math -> Linear Recurrence And Matrix Exponentiation,math/linear-recurrence,math/linear-recurrence,Matrix exponentiation | Linear recurrence | Companion matrix,linear recurrence | companion matrix | matrix exponentiation,CSES | Mathematics,medium,solved,practice/ladders/math/linear-recurrence/throwingdice.md,practice/ladders/math/linear-recurrence/README.md,topics/math/linear-recurrence/README.md,https://github.com/mtuann/competitive-programming-cpp/blob/main/solutions/math/linear-recurrence/throwingdice.cpp
BINOMIALCOEFFICIENTPRIMEMOD,Binomial Coefficient (Prime Mod),Binomial Coefficient (Prime Mod),Library Checker,https://judge.yosupo.jp/problem/binomial_coefficient_prime_mod,Math -> Lucas Theorem And Large Binomial Mod Prime,math/lucas-theorem,math/lucas-theorem,Lucas theorem | Binomial coefficients | Prime modulus,,,medium,solved,practice/ladders/math/lucas-theorem/binomialcoefficientprimemod.md,practice/ladders/math/lucas-theorem/README.md,topics/math/lucas-theorem/README.md,https://github.com/mtuann/competitive-programming-cpp/blob/main/solutions/math/lucas-theorem/binomialcoefficientprimemod.cpp
COUNTINGCOPRIMEPAIRS,Counting Coprime Pairs,Counting Coprime Pairs,CSES,https://cses.fi/problemset/task/2417,Math -> Mobius And Multiplicative Counting,math/mobius-multiplicative,math/mobius-multiplicative,Mobius inversion | Divisor-frequency counting | Linear sieve,,,medium,solved,practice/ladders/math/mobius-multiplicative/countingcoprimepairs.md,practice/ladders/math/mobius-multiplicative/README.md,topics/math/mobius-multiplicative/README.md,https://github.com/mtuann/competitive-programming-cpp/blob/main/solutions/math/mobius-multiplicative/countingcoprimepairs.cpp
EXPONENTIATION,Exponentiation,Exponentiation,CSES,https://cses.fi/problemset/task/1095,Math -> Modular Arithmetic,math/modular-arithmetic,math/modular-arithmetic,Binary exponentiation | Modulo arithmetic | Fast power,binary exponentiation | repeated squaring | modular fast power,CSES | Mathematics,easy,solved,practice/ladders/math/modular-arithmetic/exponentiation.md,practice/ladders/math/modular-arithmetic/README.md,topics/math/modular-arithmetic/README.md,https://github.com/mtuann/competitive-programming-cpp/blob/main/solutions/math/modular-arithmetic/exponentiation.cpp
EXPONENTIATION2,Exponentiation II,Exponentiation II,CSES,https://cses.fi/problemset/task/1712,Math -> Modular Arithmetic,math/modular-arithmetic,math/modular-arithmetic,Binary exponentiation | Fermat reduction | Zero-exponent edge case,binary exponentiation | fermat exponent reduction | zero exponent edge case,CSES | Mathematics,medium,solved,practice/ladders/math/modular-arithmetic/exponentiation2.md,practice/ladders/math/modular-arithmetic/README.md,topics/math/modular-arithmetic/README.md,https://github.com/mtuann/competitive-programming-cpp/blob/main/solutions/math/modular-arithmetic/exponentiation2.cpp
COUNTINGDIVISORS,Counting Divisors,Counting Divisors,CSES,https://cses.fi/problemset/task/1713,Math -> Number Theory Basics,math/number-theory-basics,math/number-theory-basics | math/gcd-lcm,Divisor counting | Sieve preprocessing | Prime exponents,divisor sieve | many queries preprocessing | divisor counting,CSES | Mathematics,easy,solved,practice/ladders/math/number-theory-basics/countingdivisors.md,practice/ladders/math/number-theory-basics/README.md,topics/math/number-theory-basics/README.md,https://github.com/mtuann/competitive-programming-cpp/blob/main/solutions/math/number-theory-basics/countingdivisors.cpp
LAMP,Dàn đèn màu,LAMP - Dàn đèn màu,VN SPOJ / VNOI,https://vn.spoj.com/problems/LAMP/,Math -> Number Theory Basics,math/number-theory-basics,math/number-theory-basics | math/gcd-lcm | combinatorics/inclusion-exclusion,Asymptotic density | Pairwise coprime numbers | Exact big fractions,density formula | pairwise coprime products | big integer fractions,VN SPOJ | OI-style,hard,solved,practice/ladders/math/number-theory-basics/lamp.md,practice/ladders/math/number-theory-basics/README.md,topics/math/number-theory-basics/README.md,https://github.com/mtuann/competitive-programming-cpp/blob/main/solutions/math/number-theory-basics/lamp.cpp
FINDINGPATTERNS,Finding Patterns,Finding Patterns,CSES,https://cses.fi/problemset/task/2102,Strings -> Aho-Corasick,strings/aho-corasick,strings/aho-corasick | strings/trie,Trie automaton | Failure links | Failure-tree propagation,aho-corasick automaton | failure links | multi-pattern presence queries,CSES | String algorithms,medium,solved,practice/ladders/strings/aho-corasick/findingpatterns.md,practice/ladders/strings/aho-corasick/README.md,topics/strings/aho-corasick/README.md,https://github.com/mtuann/competitive-programming-cpp/blob/main/solutions/strings/aho-corasick/findingpatterns.cpp
DISTINCTPALINDROMICSUBSTRINGS,Distinct Palindromic Substrings,Distinct Palindromic Substrings,Timus,https://acm.timus.ru/problem.aspx?num=1960&space=1,Strings -> Eertree / Palindromic Tree,strings/eertree,strings/eertree,Eertree | Distinct palindromes | Append-only string,,,medium,solved,practice/ladders/strings/eertree/distinctpalindromicsubstrings.md,practice/ladders/strings/eertree/README.md,topics/strings/eertree/README.md,https://github.com/mtuann/competitive-programming-cpp/blob/main/solutions/strings/eertree/distinctpalindromicsubstrings.cpp
FINDINGBORDERS,Finding Borders,Finding Borders,CSES,https://cses.fi/problemset/task/1732,Strings -> Hashing,strings/hashing,strings/hashing | advanced/randomized-algorithms,Prefix-suffix equality | Proper borders | Collision awareness,rolling hash | prefix-suffix equality | proper borders enumeration,CSES | String algorithms,easy,solved,practice/ladders/strings/hashing/findingborders.md,practice/ladders/strings/hashing/README.md,topics/strings/hashing/README.md,https://github.com/mtuann/competitive-programming-cpp/blob/main/solutions/strings/hashing/findingborders.cpp
STRINGMATCHING,String Matching,String Matching,CSES,https://cses.fi/problemset/task/1753,Strings -> KMP,strings/kmp,strings/kmp,Prefix function | Border fallback | Overlapping matches,prefix function | border fallback | overlapping occurrence counting,CSES | String algorithms,easy,solved,practice/ladders/strings/kmp/stringmatching.md,practice/ladders/strings/kmp/README.md,topics/strings/kmp/README.md,https://github.com/mtuann/competitive-programming-cpp/blob/main/solutions/strings/kmp/stringmatching.cpp
LONGESTPALINDROME,Longest Palindrome,Longest Palindrome,CSES,https://cses.fi/problemset/task/1111,Strings -> Palindromes / Manacher,strings/palindromes,strings/palindromes,Manacher | Odd/even centers | Longest palindromic substring,manacher | odd/even centers | longest palindromic substring,CSES | String algorithms,medium,solved,practice/ladders/strings/palindromes/longestpalindrome.md,practice/ladders/strings/palindromes/README.md,topics/strings/palindromes/README.md,https://github.com/mtuann/competitive-programming-cpp/blob/main/solutions/strings/palindromes/longestpalindrome.cpp
REPEATINGSUBSTRING,Repeating Substring,Repeating Substring,CSES,https://cses.fi/problemset/task/2106,Strings -> Suffix Array And LCP,strings/suffix-array-lcp,strings/suffix-array-lcp,Doubling suffix array | Kasai LCP | Longest repeated substring,suffix array doubling | kasai lcp | maximum adjacent lcp,CSES | String algorithms,medium,solved,practice/ladders/strings/suffix-array-lcp/repeatingsubstring.md,practice/ladders/strings/suffix-array-lcp/README.md,topics/strings/suffix-array-lcp/README.md,https://github.com/mtuann/competitive-programming-cpp/blob/main/solutions/strings/suffix-array-lcp/repeatingsubstring.cpp
DISTINCTSUBSTRINGS,Distinct Substrings,Distinct Substrings,CSES,https://cses.fi/problemset/task/2105,Strings -> Suffix Automaton,strings/suffix-automaton,strings/suffix-automaton | strings/suffix-array-lcp,State length intervals | Suffix links | Online construction,suffix automaton construction | clone states | state contribution counting,CSES | String algorithms,medium,solved,practice/ladders/strings/suffix-automaton/distinctsubstrings.md,practice/ladders/strings/suffix-automaton/README.md,topics/strings/suffix-automaton/README.md,https://github.com/mtuann/competitive-programming-cpp/blob/main/solutions/strings/suffix-automaton/distinctsubstrings.cpp
WORDCOMBINATIONS,Word Combinations,Word Combinations,CSES,https://cses.fi/problemset/task/1731,Strings -> Trie,strings/trie,strings/trie,DP on suffixes | Dictionary segmentation | Duplicate words,trie plus dp | dictionary segmentation | suffix counting,CSES | String algorithms,medium,solved,practice/ladders/strings/trie/wordcombinations.md,practice/ladders/strings/trie/README.md,topics/strings/trie/README.md,https://github.com/mtuann/competitive-programming-cpp/blob/main/solutions/strings/trie/wordcombinations.cpp
FINDINGPERIODS,Finding Periods,Finding Periods,CSES,https://cses.fi/problemset/task/1733,Strings -> Z-Function,strings/z-function,strings/z-function | strings/kmp,String periodicity | Prefix alignment | Suffix covered by prefix,period detection | z function prefix matches | suffix prefix coverage,CSES | String algorithms,easy,solved,practice/ladders/strings/z-function/findingperiods.md,practice/ladders/strings/z-function/README.md,topics/strings/z-function/README.md,https://github.com/mtuann/competitive-programming-cpp/blob/main/solutions/strings/z-function/findingperiods.cpp
STRINGFUNCTIONS,String Functions,String Functions,CSES,https://cses.fi/problemset/task/2107,Strings -> Z-Function,strings/z-function,strings/z-function | strings/kmp,Prefix function | Borders | Prefix structure diagnostics,z function | prefix function | prefix structure diagnostics,CSES | String algorithms,easy,solved,practice/ladders/strings/z-function/stringfunctions.md,practice/ladders/strings/z-function/README.md,topics/strings/z-function/README.md,https://github.com/mtuann/competitive-programming-cpp/blob/main/solutions/strings/z-function/stringfunctions.cpp
